{"cameraMode":{"drawMode":0,"name":"Shaded","section":"Shading Mode"},"sceneLighting":false,"audioPlay":false,"sceneViewState":{"showFog":true,"showMaterialUpdate":false,"showSkybox":true,"showFlares":true,"showImageEffects":true,"showParticleSystems":true},"in2DMode":false,"pivot":{"x":1.3568793535232545,"y":-1.6021547317504883,"z":6.354146957397461},"rotation":{"x":-0.09761630743741989,"y":-0.0277667585760355,"z":0.002724362537264824,"w":-0.9948355555534363},"size":15.479673385620118,"orthographic":false}